{
  "checks": {
    "block_profile_families": [
      {
        "block_sizes": [
          4,
          4,
          4,
          4
        ],
        "energies": {
          "E_0": {
            "expected": {
              "denominator": 715,
              "float": 0.1006993006993007,
              "log2": -3.3118744302234395,
              "numerator": 72
            },
            "observed": {
              "denominator": 715,
              "float": 0.1006993006993007,
              "log2": -3.3118744302234395,
              "numerator": 72
            }
          },
          "E_1": {
            "expected": {
              "denominator": 715,
              "float": 0.025174825174825177,
              "log2": -5.3118744302234395,
              "numerator": 18
            },
            "observed": {
              "denominator": 715,
              "float": 0.025174825174825177,
              "log2": -5.3118744302234395,
              "numerator": 18
            }
          },
          "E_3": {
            "expected": {
              "denominator": 5720,
              "float": 0.0015734265734265735,
              "log2": -9.311874430223439,
              "numerator": 9
            },
            "observed": {
              "denominator": 5720,
              "float": 0.0015734265734265735,
              "log2": -9.311874430223439,
              "numerator": 9
            }
          }
        },
        "interpretation": "profile_preserving_quotient_like_family",
        "j": 8,
        "n": 16,
        "name": "balanced_four_blocks",
        "profile": [
          2,
          2,
          2,
          2
        ],
        "status": "PASS"
      },
      {
        "block_sizes": [
          4,
          4,
          4,
          4
        ],
        "energies": {
          "E_0": {
            "expected": {
              "denominator": 12870,
              "float": 7.77000777000777e-05,
              "log2": -13.651724433108065,
              "numerator": 1
            },
            "observed": {
              "denominator": 12870,
              "float": 7.77000777000777e-05,
              "log2": -13.651724433108065,
              "numerator": 1
            }
          },
          "E_1": {
            "expected": {
              "denominator": 1,
              "float": 0.0,
              "log2": null,
              "numerator": 0
            },
            "observed": {
              "denominator": 1,
              "float": 0.0,
              "log2": null,
              "numerator": 0
            }
          },
          "E_3": {
            "expected": {
              "denominator": 1,
              "float": 0.0,
              "log2": null,
              "numerator": 0
            },
            "observed": {
              "denominator": 1,
              "float": 0.0,
              "log2": null,
              "numerator": 0
            }
          }
        },
        "interpretation": "full_block_quotient_fiber_has_zero_one_exchange_energy",
        "j": 8,
        "n": 16,
        "name": "frozen_full_blocks",
        "profile": [
          4,
          4,
          0,
          0
        ],
        "status": "PASS"
      }
    ],
    "fixed_core_families": [
      {
        "core_size": 1,
        "energies": {
          "E_0": {
            "expected": {
              "denominator": 3,
              "float": 0.3333333333333333,
              "log2": -1.5849625007211563,
              "numerator": 1
            },
            "observed": {
              "denominator": 3,
              "float": 0.3333333333333333,
              "log2": -1.5849625007211563,
              "numerator": 1
            }
          },
          "E_1": {
            "expected": {
              "denominator": 4,
              "float": 0.25,
              "log2": -2.0,
              "numerator": 1
            },
            "observed": {
              "denominator": 4,
              "float": 0.25,
              "log2": -2.0,
              "numerator": 1
            }
          },
          "E_3": {
            "expected": {
              "denominator": 64,
              "float": 0.140625,
              "log2": -2.830074998557688,
              "numerator": 9
            },
            "observed": {
              "denominator": 64,
              "float": 0.140625,
              "log2": -2.830074998557688,
              "numerator": 9
            }
          }
        },
        "family": "fixed_core",
        "j": 4,
        "n": 12,
        "status": "PASS"
      },
      {
        "core_size": 2,
        "energies": {
          "E_0": {
            "expected": {
              "denominator": 11,
              "float": 0.09090909090909091,
              "log2": -3.4594316186372973,
              "numerator": 1
            },
            "observed": {
              "denominator": 11,
              "float": 0.09090909090909091,
              "log2": -3.4594316186372973,
              "numerator": 1
            }
          },
          "E_1": {
            "expected": {
              "denominator": 22,
              "float": 0.045454545454545456,
              "log2": -4.459431618637297,
              "numerator": 1
            },
            "observed": {
              "denominator": 22,
              "float": 0.045454545454545456,
              "log2": -4.459431618637297,
              "numerator": 1
            }
          },
          "E_3": {
            "expected": {
              "denominator": 88,
              "float": 0.011363636363636364,
              "log2": -6.459431618637297,
              "numerator": 1
            },
            "observed": {
              "denominator": 88,
              "float": 0.011363636363636364,
              "log2": -6.459431618637297,
              "numerator": 1
            }
          }
        },
        "family": "fixed_core",
        "j": 4,
        "n": 12,
        "status": "PASS"
      },
      {
        "core_size": 2,
        "energies": {
          "E_0": {
            "expected": {
              "denominator": 30,
              "float": 0.23333333333333334,
              "log2": -2.0995356735509145,
              "numerator": 7
            },
            "observed": {
              "denominator": 30,
              "float": 0.23333333333333334,
              "log2": -2.0995356735509145,
              "numerator": 7
            }
          },
          "E_1": {
            "expected": {
              "denominator": 40,
              "float": 0.175,
              "log2": -2.5145731728297585,
              "numerator": 7
            },
            "observed": {
              "denominator": 40,
              "float": 0.175,
              "log2": -2.5145731728297585,
              "numerator": 7
            }
          },
          "E_3": {
            "expected": {
              "denominator": 640,
              "float": 0.0984375,
              "log2": -3.344648171387446,
              "numerator": 63
            },
            "observed": {
              "denominator": 640,
              "float": 0.0984375,
              "log2": -3.344648171387446,
              "numerator": 63
            }
          }
        },
        "family": "fixed_core",
        "j": 8,
        "n": 16,
        "status": "PASS"
      }
    ],
    "random_baseline": {
      "check": "random_baseline_against_fixed_core",
      "density": {
        "denominator": 11,
        "float": 0.09090909090909091,
        "log2": -3.4594316186372973,
        "numerator": 1
      },
      "fixed_core_E3": {
        "denominator": 88,
        "float": 0.011363636363636364,
        "log2": -6.459431618637297,
        "numerator": 1
      },
      "fixed_core_over_random_average": 103.58547825109588,
      "j": 4,
      "n": 12,
      "random_E3_average": {
        "denominator": 81100800,
        "float": 0.00010970298690025252,
        "log2": -13.154109572791771,
        "numerator": 8897
      },
      "random_E3_max": {
        "denominator": 8110080,